{"cameraMode":{"drawMode":0,"name":"Shaded","section":"Shading Mode"},"sceneLighting":true,"audioPlay":false,"sceneViewState":{"showFog":true,"showMaterialUpdate":false,"showSkybox":true,"showFlares":true,"showImageEffects":true,"showParticleSystems":true},"in2DMode":false,"pivot":{"x":20.762325286865236,"y":2.293034553527832,"z":28.6104736328125},"rotation":{"x":0.025099027901887895,"y":0.7755970358848572,"z":-0.031016694381833078,"w":0.630009114742279},"size":28.675031661987306,"orthographic":false}